{
  "IcoMoonType": "selection",
  "icons": [
    {
      "icon": {
        "width": 1152,
        "paths": [
          "M224 128h-192c-17.6 0-32 14.4-32 32v704c0 17.6 14.4 32 32 32h192c17.6 0 32-14.4 32-32v-704c0-17.6-14.4-32-32-32zM192 320h-128v-64h128v64z",
          "M544 128h-192c-17.6 0-32 14.4-32 32v704c0 17.6 14.4 32 32 32h192c17.6 0 32-14.4 32-32v-704c0-17.6-14.4-32-32-32zM512 320h-128v-64h128v64z",
          "M765.088 177.48l-171.464 86.394c-15.716 7.918-22.096 27.258-14.178 42.976l287.978 571.548c7.918 15.718 27.258 22.098 42.976 14.178l171.464-86.392c15.716-7.92 22.096-27.26 14.178-42.974l-287.978-571.55c-7.92-15.718-27.26-22.1-42.976-14.18z"
        ],
        "tags": [
          "books",
          "library",
          "archive"
        ],
        "defaultCode": 59680,
        "grid": 16,
        "attrs": []
      },
      "attrs": [],
      "properties": {
        "ligatures": "books, library",
        "name": "books",
        "order": 7,
        "id": 33,
        "prevSize": 32
      },
      "setIdx": 0,
      "setId": 1,
      "iconIdx": 32
    },
    {
      "icon": {
        "width": 1152,
        "paths": [
          "M1088 128h-1024c-35.2 0-64 28.8-64 64v640c0 35.2 28.8 64 64 64h1024c35.2 0 64-28.8 64-64v-640c0-35.2-28.8-64-64-64zM640 256h128v128h-128v-128zM832 448v128h-128v-128h128zM448 256h128v128h-128v-128zM640 448v128h-128v-128h128zM256 256h128v128h-128v-128zM448 448v128h-128v-128h128zM128 256h64v128h-64v-128zM128 448h128v128h-128v-128zM192 768h-64v-128h64v128zM768 768h-512v-128h512v128zM1024 768h-192v-128h192v128zM1024 576h-128v-128h128v128zM1024 384h-192v-128h192v128z"
        ],
        "tags": [
          "keyboard",
          "typing",
          "type"
        ],
        "defaultCode": 59733,
        "grid": 16,
        "attrs": []
      },
      "attrs": [],
      "properties": {
        "ligatures": "keyboard, typing",
        "name": "keyboard",
        "order": 6,
        "id": 86,
        "prevSize": 32
      },
      "setIdx": 0,
      "setId": 1,
      "iconIdx": 85
    },
    {
      "icon": {
        "paths": [
          "M0 64v896h1024v-896h-1024zM960 896h-896v-768h896v768zM896 192h-768v640h768v-640zM448 512h-64v64h-64v64h-64v-64h64v-64h64v-64h-64v-64h-64v-64h64v64h64v64h64v64zM704 640h-192v-64h192v64z"
        ],
        "tags": [
          "terminal",
          "console",
          "cmd",
          "command-line"
        ],
        "defaultCode": 60033,
        "grid": 16,
        "attrs": []
      },
      "attrs": [],
      "properties": {
        "ligatures": "terminal, console",
        "name": "terminal",
        "order": 5,
        "id": 386,
        "prevSize": 32
      },
      "setIdx": 0,
      "setId": 1,
      "iconIdx": 385
    }
  ],
  "height": 1024,
  "preferences": {
    "showGlyphs": true,
    "showQuickUse": true,
    "showQuickUse2": true,
    "showSVGs": true,
    "fontPref": {
      "prefix": "icon-",
      "metadata": {
        "fontFamily": "icomoon"
      },
      "metrics": {
        "emSize": 1024,
        "baseline": 6.25,
        "whitespace": 50
      },
      "embed": false
    },
    "imagePref": {
      "prefix": "icon-",
      "png": true,
      "useClassSelector": true,
      "color": 0,
      "bgColor": 16777215,
      "classSelector": ".icon",
      "name": "icomoon"
    },
    "historySize": 50,
    "showCodes": true,
    "gridSize": 16
  }
}